{"0": 0.7273936802090758, "1": 1.2091627172195893, "2": 0.4290960056061668, "3": 6.248163265306123, "4": 3.2501061571125267}